-- --------------------------------------------------------
-- Host:                         127.0.0.1
-- Versi칩n del servidor:         10.6.8-MariaDB - mariadb.org binary distribution
-- SO del servidor:              Win64
-- HeidiSQL Versi칩n:             11.3.0.6295
-- --------------------------------------------------------

/*!40101 SET @OLD_CHARACTER_SET_CLIENT=@@CHARACTER_SET_CLIENT */;
/*!40101 SET NAMES utf8 */;
/*!50503 SET NAMES utf8mb4 */;
/*!40014 SET @OLD_FOREIGN_KEY_CHECKS=@@FOREIGN_KEY_CHECKS, FOREIGN_KEY_CHECKS=0 */;
/*!40101 SET @OLD_SQL_MODE=@@SQL_MODE, SQL_MODE='NO_AUTO_VALUE_ON_ZERO' */;
/*!40111 SET @OLD_SQL_NOTES=@@SQL_NOTES, SQL_NOTES=0 */;

-- Volcando datos para la tabla bbdd_modelos_neuronales.categorias: ~12 rows (aproximadamente)
DELETE FROM `categorias`;
/*!40000 ALTER TABLE `categorias` DISABLE KEYS */;
INSERT INTO `categorias` (`ID_ITEM`, `ID_MODELO`, `ID_ORDEN`, `NOMBRE_CATEGORIA`) VALUES
	(1, 1, 1, 'Avion'),
	(2, 1, 2, 'Coche'),
	(3, 1, 3, 'Pajaro'),
	(4, 1, 4, 'Gato'),
	(5, 1, 5, 'Ciervo'),
	(6, 1, 6, 'Perro'),
	(7, 1, 7, 'Rana'),
	(8, 1, 8, 'Caballo'),
	(9, 1, 9, 'Barco'),
	(10, 1, 10, 'Camion'),
	(11, 2, 1, 'Botella'),
	(12, 10, 1, 'Botellas');
/*!40000 ALTER TABLE `categorias` ENABLE KEYS */;

-- Volcando datos para la tabla bbdd_modelos_neuronales.config_modelo: ~0 rows (aproximadamente)
DELETE FROM `config_modelo`;
/*!40000 ALTER TABLE `config_modelo` DISABLE KEYS */;
/*!40000 ALTER TABLE `config_modelo` ENABLE KEYS */;

-- Volcando datos para la tabla bbdd_modelos_neuronales.elementos_config: ~2 rows (aproximadamente)
DELETE FROM `elementos_config`;
/*!40000 ALTER TABLE `elementos_config` DISABLE KEYS */;
INSERT INTO `elementos_config` (`idElemento`, `nombreElemento`) VALUES
	(1, 'colorCaja'),
	(2, 'grosorCaja');
/*!40000 ALTER TABLE `elementos_config` ENABLE KEYS */;

-- Volcando datos para la tabla bbdd_modelos_neuronales.modelos: ~3 rows (aproximadamente)
DELETE FROM `modelos`;
/*!40000 ALTER TABLE `modelos` DISABLE KEYS */;
INSERT INTO `modelos` (`ID_MODELO`, `NOMBRE`, `DESCRIPCION`, `FICHEROH5`, `INPUT_HEIGHT`, `INPUT_WIDTH`, `INPUT_CHANNELS`, `FORMATO_MATRIZ_IMG`, `PATH_FICHERO`, `TIPO_ALMACENAMIENTO`, `TIPO_FICHERO`, `TIPO_SALIDA`) VALUES
	(1, 'Cifar10', 'modelo de clasificaci칩n de im치genes entrenado con DATASET Cifar10, 10 Epochs', NULL, 32, 32, 3, NULL, 'modelos\\\\cifar10_entrenado_10epochs.h5', 2, 1, 'texto'),
	(2, 'r-cnn_vgg16', 'modelo de reconocimiento de objetos en imagenes, basado en el modelo preentrenado VGG16', NULL, 224, 224, 3, NULL, 'modelos\\\\rcnn_VGG16_reconocimiento_botellas.h5', 2, 1, 'imagen'),
	(10, 'Yolov5_deteccion_residuos', 'Modelo en formato PB TensorFlow YOLOv5', NULL, 416, 416, 3, NULL, 'modelos\\\\yolov5\\\\saved_model.pb', 2, 1, 'imagen');
/*!40000 ALTER TABLE `modelos` ENABLE KEYS */;

-- Volcando datos para la tabla bbdd_modelos_neuronales.tipos_almacenamiento: ~3 rows (aproximadamente)
DELETE FROM `tipos_almacenamiento`;
/*!40000 ALTER TABLE `tipos_almacenamiento` DISABLE KEYS */;
INSERT INTO `tipos_almacenamiento` (`idTipoAlmacenamiento`, `nombre`) VALUES
	(1, 'Base de datos'),
	(2, 'Sistema ficheros servidor'),
	(3, 'Google Drive o similar');
/*!40000 ALTER TABLE `tipos_almacenamiento` ENABLE KEYS */;

-- Volcando datos para la tabla bbdd_modelos_neuronales.tipos_fichero: ~3 rows (aproximadamente)
DELETE FROM `tipos_fichero`;
/*!40000 ALTER TABLE `tipos_fichero` DISABLE KEYS */;
INSERT INTO `tipos_fichero` (`idTipoModelo`, `nombreCorto`, `nombreLargo`, `descripcion`) VALUES
	(1, 'h5', 'kerash5', 'formato de fichero H5 de modelos implementados en Keras'),
	(2, 'tf', 'tensorFlowPB', 'formato pb protobuffer de TensorFlow'),
	(3, 'on', 'onnx', 'formato onnx');
/*!40000 ALTER TABLE `tipos_fichero` ENABLE KEYS */;

/*!40101 SET SQL_MODE=IFNULL(@OLD_SQL_MODE, '') */;
/*!40014 SET FOREIGN_KEY_CHECKS=IFNULL(@OLD_FOREIGN_KEY_CHECKS, 1) */;
/*!40101 SET CHARACTER_SET_CLIENT=@OLD_CHARACTER_SET_CLIENT */;
/*!40111 SET SQL_NOTES=IFNULL(@OLD_SQL_NOTES, 1) */;
